match_id,stage,date,pens,pens_home_score,pens_away_score,team_name_home,team_name_away,team_home_score,team_away_score,possession_home,possession_away,total_shots_home,total_shots_away,shots_on_target_home,shots_on_target_away,duels_won_home,duels_won_away,prediction_team_home_win,prediction_draw,prediction_team_away_win,prediction_quantity,location,lineup_home,lineup_away,player_names_home,player_numbers_home,player_names_away,player_numbers_away
1,Matchday 18,Yesterday,False,False,False,Ñublense,Colo Colo,0,0,0.41,0.59,6,14,4,5,0.42,0.58,0.13,0.03,0.84,4277,Estadio Municipal Nelson Oyarzún Arenas,"[{'player_name': ' Valdés', 'player_number': '30'}, {'player_name': ' Sosa', 'player_number': '26'}, {'player_name': ' Oyarzo', 'player_number': '7'}, {'player_name': ' Rivera', 'player_number': '28'}, {'player_name': ' Reyes', 'player_number': '6'}, {'player_name': ' Leiva', 'player_number': '11'}, {'player_name': ' Campusano', 'player_number': '14'}, {'player_name': ' Zalazar', 'player_number': '33'}, {'player_name': ' Caroca', 'player_number': '5'}, {'player_name': ' Cerezo', 'player_number': '18'}, {'player_name': ' Pérez', 'player_number': '1'}]","[{'player_name': ' Thompson', 'player_number': '24'}, {'player_name': ' Pizarro', 'player_number': '9'}, {'player_name': ' Bolados', 'player_number': '11'}, {'player_name': ' Pizarro', 'player_number': '34'}, {'player_name': ' Fuentes', 'player_number': '6'}, {'player_name': ' Gil', 'player_number': '5'}, {'player_name': ' Bouzat', 'player_number': '18'}, {'player_name': ' González', 'player_number': '23'}, {'player_name': ' Saldivia', 'player_number': '4'}, {'player_name': ' Opazo', 'player_number': '32'}, {'player_name': ' Cortés', 'player_number': '1'}]","['Valdés', 'Sosa', 'Oyarzo', 'Rivera', 'Reyes', 'Leiva', 'Campusano', 'Zalazar', 'Caroca', 'Cerezo', 'Pérez']","['30', '26', '7', '28', '6', '11', '14', '33', '5', '18', '1']","['Thompson', 'Pizarro', 'Bolados', 'Pizarro', 'Fuentes', 'Gil', 'Bouzat', 'González', 'Saldivia', 'Opazo', 'Cortés']","['24', '9', '11', '34', '6', '5', '18', '23', '4', '32', '1']"
2,Matchday 18,Yesterday,False,False,False,Audax,Curicó Unido,3,0,0.45,0.55,16,9,5,3,0.46,0.54,0.66,0.08,0.26,691,Estadio Municipal de La Florida,"[{'player_name': ' Sosa', 'player_number': '9'}, {'player_name': ' Fuentes', 'player_number': '10'}, {'player_name': ' Riep', 'player_number': '22'}, {'player_name': ' Rojas', 'player_number': '16'}, {'player_name': ' Sepúlveda', 'player_number': '8'}, {'player_name': ' Monreal', 'player_number': '27'}, {'player_name': ' Matus', 'player_number': '17'}, {'player_name': ' Collao', 'player_number': '18'}, {'player_name': ' Labrín', 'player_number': '2'}, {'player_name': ' Fernández', 'player_number': '7'}, {'player_name': ' Ahumada', 'player_number': '12'}]","[{'player_name': ' Fritz', 'player_number': '7'}, {'player_name': ' Coelho', 'player_number': '27'}, {'player_name': ' De La Fuente', 'player_number': '19'}, {'player_name': ' González', 'player_number': '14'}, {'player_name': ' Leiva', 'player_number': '10'}, {'player_name': ' Sandoval', 'player_number': '8'}, {'player_name': ' Zavala', 'player_number': '15'}, {'player_name': ' Muñoz', 'player_number': '33'}, {'player_name': ' Cahais', 'player_number': '3'}, {'player_name': ' Bechtholdt', 'player_number': '16'}, {'player_name': ' Cerda', 'player_number': '12'}]","['Sosa', 'Fuentes', 'Riep', 'Rojas', 'Sepúlveda', 'Monreal', 'Matus', 'Collao', 'Labrín', 'Fernández', 'Ahumada']","['9', '10', '22', '16', '8', '27', '17', '18', '2', '7', '12']","['Fritz', 'Coelho', 'De La Fuente', 'González', 'Leiva', 'Sandoval', 'Zavala', 'Muñoz', 'Cahais', 'Bechtholdt', 'Cerda']","['7', '27', '19', '14', '10', '8', '15', '33', '3', '16', '12']"
3,Matchday 18,23/07/2023,False,False,False,Univ Católica,Coquimbo,2,1,0.52,0.48,15,11,6,2,0.48,0.52,0.76,0.03,0.21,1253,Estadio Santa Laura-Universidad SEK,"[{'player_name': ' Cuevas', 'player_number': '15'}, {'player_name': ' Zampedri', 'player_number': '9'}, {'player_name': ' Montes', 'player_number': '35'}, {'player_name': ' Saavedra', 'player_number': '8'}, {'player_name': ' Aravena', 'player_number': '18'}, {'player_name': ' Rovira', 'player_number': '16'}, {'player_name': ' Parot', 'player_number': '24'}, {'player_name': ' Kagelmacher', 'player_number': '55'}, {'player_name': ' Ampuero', 'player_number': '17'}, {'player_name': ' Nieto', 'player_number': '23'}, {'player_name': ' Peranic', 'player_number': '22'}]","[{'player_name': ' Holgado', 'player_number': '9'}, {'player_name': ' Chandía', 'player_number': '31'}, {'player_name': ' Cabral', 'player_number': '29'}, {'player_name': ' Farfán', 'player_number': '17'}, {'player_name': ' Galani', 'player_number': '7'}, {'player_name': ' Glaby', 'player_number': '6'}, {'player_name': ' Cornejo', 'player_number': '16'}, {'player_name': ' Carrasco', 'player_number': '3'}, {'player_name': ' Sánchez', 'player_number': '27'}, {'player_name': ' Escobar', 'player_number': '5'}, {'player_name': ' Sánchez', 'player_number': '13'}]","['Cuevas', 'Zampedri', 'Montes', 'Saavedra', 'Aravena', 'Rovira', 'Parot', 'Kagelmacher', 'Ampuero', 'Nieto', 'Peranic']","['15', '9', '35', '8', '18', '16', '24', '55', '17', '23', '22']","['Holgado', 'Chandía', 'Cabral', 'Farfán', 'Galani', 'Glaby', 'Cornejo', 'Carrasco', 'Sánchez', 'Escobar', 'Sánchez']","['9', '31', '29', '17', '7', '6', '16', '3', '27', '5', '13']"
4,Matchday 18,23/07/2023,False,False,False,Everton Vina Del Mar,Unión Española,1,0,0.45,0.55,18,9,5,3,0.49,0.51,0.42,0.07,0.51,443,Estadio Sausalito,"[{'player_name': ' Sáez', 'player_number': '11'}, {'player_name': ' Sánchez', 'player_number': '19'}, {'player_name': ' Cuevas', 'player_number': '10'}, {'player_name': ' Montes', 'player_number': '28'}, {'player_name': ' Madrid', 'player_number': '6'}, {'player_name': ' Berríos', 'player_number': '21'}, {'player_name': ' Riquelme', 'player_number': '2'}, {'player_name': ' Oyarzún', 'player_number': '24'}, {'player_name': ' Echeverría', 'player_number': '20'}, {'player_name': ' Espejo', 'player_number': '23'}, {'player_name': ' Torgnascioli', 'player_number': '1'}]","[{'player_name': ' Garate', 'player_number': '23'}, {'player_name': ' Norambuena', 'player_number': '24'}, {'player_name': ' Uribe', 'player_number': '11'}, {'player_name': ' Carvallo', 'player_number': '21'}, {'player_name': ' Núñez', 'player_number': '14'}, {'player_name': ' Leyton', 'player_number': '8'}, {'player_name': ' Magnasco', 'player_number': '29'}, {'player_name': ' Tiznado', 'player_number': '30'}, {'player_name': ' Villagra', 'player_number': '28'}, {'player_name': ' Ramírez', 'player_number': '16'}, {'player_name': ' Pérez', 'player_number': '25'}]","['Sáez', 'Sánchez', 'Cuevas', 'Montes', 'Madrid', 'Berríos', 'Riquelme', 'Oyarzún', 'Echeverría', 'Espejo', 'Torgnascioli']","['11', '19', '10', '28', '6', '21', '2', '24', '20', '23', '1']","['Garate', 'Norambuena', 'Uribe', 'Carvallo', 'Núñez', 'Leyton', 'Magnasco', 'Tiznado', 'Villagra', 'Ramírez', 'Pérez']","['23', '24', '11', '21', '14', '8', '29', '30', '28', '16', '25']"
5,Matchday 18,23/07/2023,False,False,False,U. de Chile,Palestino,0,1,0.46,0.54,11,12,1,4,0.53,0.47,0.85,0.03,0.12,2325,Estadio Santa Laura-Universidad SEK,"[{'player_name': ' Guerra', 'player_number': '16'}, {'player_name': ' Palacios', 'player_number': '30'}, {'player_name': ' Andía', 'player_number': '6'}, {'player_name': ' Assadi', 'player_number': '10'}, {'player_name': ' Ojeda', 'player_number': '5'}, {'player_name': ' Poblete', 'player_number': '28'}, {'player_name': ' Gómez', 'player_number': '19'}, {'player_name': ' Casanova', 'player_number': '17'}, {'player_name': ' Domínguez', 'player_number': '23'}, {'player_name': ' Zaldivia', 'player_number': '22'}, {'player_name': ' Campos', 'player_number': '1'}]","[{'player_name': ' Salas', 'player_number': '9'}, {'player_name': ' Barticciotto', 'player_number': '14'}, {'player_name': ' Véjar', 'player_number': '19'}, {'player_name': ' Cornejo', 'player_number': '8'}, {'player_name': ' Abrigo', 'player_number': '37'}, {'player_name': ' Farías', 'player_number': '5'}, {'player_name': ' Carrasco', 'player_number': '7'}, {'player_name': ' Suárez', 'player_number': '13'}, {'player_name': ' Meza', 'player_number': '2'}, {'player_name': ' Ceza', 'player_number': '4'}, {'player_name': ' Rigamonti', 'player_number': '1'}]","['Guerra', 'Palacios', 'Andía', 'Assadi', 'Ojeda', 'Poblete', 'Gómez', 'Casanova', 'Domínguez', 'Zaldivia', 'Campos']","['16', '30', '6', '10', '5', '28', '19', '17', '23', '22', '1']","['Salas', 'Barticciotto', 'Véjar', 'Cornejo', 'Abrigo', 'Farías', 'Carrasco', 'Suárez', 'Meza', 'Ceza', 'Rigamonti']","['9', '14', '19', '8', '37', '5', '7', '13', '2', '4', '1']"
6,Matchday 18,22/07/2023,False,False,False,Huachipato,O'Higgins,2,0,0.44,0.56,17,16,6,3,0.51,0.49,0.53,0.06,0.41,549,Estadio Huachipato-CAP Acero,"[{'player_name': ' Martínez', 'player_number': '23'}, {'player_name': ' Magnin', 'player_number': '11'}, {'player_name': ' Torres', 'player_number': '29'}, {'player_name': ' Altamirano', 'player_number': '7'}, {'player_name': ' Sepúlveda', 'player_number': '6'}, {'player_name': ' Montes', 'player_number': '8'}, {'player_name': ' Baeza', 'player_number': '17'}, {'player_name': ' Loyola', 'player_number': '35'}, {'player_name': ' Gazzolo', 'player_number': '4'}, {'player_name': ' Gutiérrez', 'player_number': '18'}, {'player_name': ' Castellón', 'player_number': '25'}]","[{'player_name': ' Belmar', 'player_number': '19'}, {'player_name': ' Blando', 'player_number': '9'}, {'player_name': ' Díaz', 'player_number': '30'}, {'player_name': ' Hernandez', 'player_number': '8'}, {'player_name': ' Moya', 'player_number': '13'}, {'player_name': ' Castro', 'player_number': '11'}, {'player_name': ' González', 'player_number': '17'}, {'player_name': ' González', 'player_number': '4'}, {'player_name': ' Fuentes', 'player_number': '6'}, {'player_name': ' Hormazábal', 'player_number': '7'}, {'player_name': ' Carreño', 'player_number': '1'}]","['Martínez', 'Magnin', 'Torres', 'Altamirano', 'Sepúlveda', 'Montes', 'Baeza', 'Loyola', 'Gazzolo', 'Gutiérrez', 'Castellón']","['23', '11', '29', '7', '6', '8', '17', '35', '4', '18', '25']","['Belmar', 'Blando', 'Díaz', 'Hernandez', 'Moya', 'Castro', 'González', 'González', 'Fuentes', 'Hormazábal', 'Carreño']","['19', '9', '30', '8', '13', '11', '17', '4', '6', '7', '1']"
7,Matchday 18,22/07/2023,False,False,False,Copiapó,Cobresal,0,3,0.57,0.43,15,8,2,6,0.37,0.63,0.33,0.07,0.6,429,Estadio Luis Valenzuela Hermosilla,"[{'player_name': ' Quinteros', 'player_number': '29'}, {'player_name': ' Valladares', 'player_number': '24'}, {'player_name': ' Rozas', 'player_number': '14'}, {'player_name': ' Tati', 'player_number': '20'}, {'player_name': ' Medel', 'player_number': '21'}, {'player_name': ' Jaime', 'player_number': '23'}, {'player_name': ' Toro', 'player_number': '17'}, {'player_name': ' García', 'player_number': '15'}, {'player_name': ' Sills', 'player_number': '19'}, {'player_name': ' Ortíz', 'player_number': '4'}, {'player_name': ' Espinoza', 'player_number': '22'}]","[{'player_name': ' Castro', 'player_number': '16'}, {'player_name': ' Munder', 'player_number': '18'}, {'player_name': ' Valencia', 'player_number': '9'}, {'player_name': ' García', 'player_number': '14'}, {'player_name': ' Camargo', 'player_number': '6'}, {'player_name': ' Pacheco', 'player_number': '2'}, {'player_name': ' Jorquera', 'player_number': '7'}, {'player_name': ' Alarcón', 'player_number': '5'}, {'player_name': ' Silva', 'player_number': '26'}, {'player_name': ' Pacheco', 'player_number': '23'}, {'player_name': ' Requena', 'player_number': '22'}]","['Quinteros', 'Valladares', 'Rozas', 'Tati', 'Medel', 'Jaime', 'Toro', 'García', 'Sills', 'Ortíz', 'Espinoza']","['29', '24', '14', '20', '21', '23', '17', '15', '19', '4', '22']","['Castro', 'Munder', 'Valencia', 'García', 'Camargo', 'Pacheco', 'Jorquera', 'Alarcón', 'Silva', 'Pacheco', 'Requena']","['16', '18', '9', '14', '6', '2', '7', '5', '26', '23', '22']"
8,Matchday 18,21/07/2023,False,False,False,U. La Calera,Magallanes,2,1,0.42,0.58,9,17,4,6,0.56,0.44,0.61,0.07,0.32,485,Estadio Municipal Nicolás Chahuán,"[{'player_name': ' Orellana', 'player_number': '11'}, {'player_name': ' Passerini', 'player_number': '9'}, {'player_name': ' Lomónaco', 'player_number': '15'}, {'player_name': ' Buonanott', 'player_number': '18'}, {'player_name': ' Alarcón', 'player_number': '8'}, {'player_name': ' Max', 'player_number': '35'}, {'player_name': ' Díaz', 'player_number': '4'}, {'player_name': ' Freytes', 'player_number': '3'}, {'player_name': ' Ferrario', 'player_number': '13'}, {'player_name': ' Salinas', 'player_number': '17'}, {'player_name': ' Carabalí', 'player_number': '12'}]","[{'player_name': ' Flores', 'player_number': '17'}, {'player_name': ' Larrivey', 'player_number': '9'}, {'player_name': ' Alfaro', 'player_number': '7'}, {'player_name': ' Espinoza', 'player_number': '14'}, {'player_name': ' Canales', 'player_number': '27'}, {'player_name': ' Aránguiz', 'player_number': '10'}, {'player_name': ' Vásquez', 'player_number': '4'}, {'player_name': ' Berardo', 'player_number': '6'}, {'player_name': ' Vilches', 'player_number': '5'}, {'player_name': ' Piñero', 'player_number': '2'}, {'player_name': ' Tapia', 'player_number': '30'}]","['Orellana', 'Passerini', 'Lomónaco', 'Buonanott', 'Alarcón', 'Max', 'Díaz', 'Freytes', 'Ferrario', 'Salinas', 'Carabalí']","['11', '9', '15', '18', '8', '35', '4', '3', '13', '17', '12']","['Flores', 'Larrivey', 'Alfaro', 'Espinoza', 'Canales', 'Aránguiz', 'Vásquez', 'Berardo', 'Vilches', 'Piñero', 'Tapia']","['17', '9', '7', '14', '27', '10', '4', '6', '5', '2', '30']"
9,Matchday 17,17/07/2023,False,False,False,Unión Española,U. de Chile,3,0,0.49,0.51,13,17,8,6,0.54,0.46,0.18,0.03,0.79,3360,Estadio Santa Laura-Universidad SEK,"[{'player_name': ' Garate', 'player_number': '23'}, {'player_name': ' Yáñez', 'player_number': '7'}, {'player_name': ' Uribe', 'player_number': '11'}, {'player_name': ' Piñeiro', 'player_number': '10'}, {'player_name': ' Núñez', 'player_number': '14'}, {'player_name': ' Leyton', 'player_number': '8'}, {'player_name': ' Pavez', 'player_number': '6'}, {'player_name': ' Tiznado', 'player_number': '30'}, {'player_name': ' Villagra', 'player_number': '28'}, {'player_name': ' Ramírez', 'player_number': '16'}, {'player_name': ' Pérez', 'player_number': '25'}]","[{'player_name': ' Guerra', 'player_number': '16'}, {'player_name': ' Palacios', 'player_number': '30'}, {'player_name': ' Morales', 'player_number': '14'}, {'player_name': ' Assadi', 'player_number': '10'}, {'player_name': ' Ojeda', 'player_number': '5'}, {'player_name': ' Poblete', 'player_number': '28'}, {'player_name': ' Gómez', 'player_number': '19'}, {'player_name': ' Casanova', 'player_number': '17'}, {'player_name': ' Domínguez', 'player_number': '23'}, {'player_name': ' Zaldivia', 'player_number': '22'}, {'player_name': ' Campos', 'player_number': '1'}]","['Garate', 'Yáñez', 'Uribe', 'Piñeiro', 'Núñez', 'Leyton', 'Pavez', 'Tiznado', 'Villagra', 'Ramírez', 'Pérez']","['23', '7', '11', '10', '14', '8', '6', '30', '28', '16', '25']","['Guerra', 'Palacios', 'Morales', 'Assadi', 'Ojeda', 'Poblete', 'Gómez', 'Casanova', 'Domínguez', 'Zaldivia', 'Campos']","['16', '30', '14', '10', '5', '28', '19', '17', '23', '22', '1']"
10,Matchday 17,17/07/2023,False,False,False,Palestino,Coquimbo,1,1,0.64,0.36,17,11,7,4,0.56,0.44,0.54,0.07,0.39,780,Estadio Municipal de La Cisterna,"[{'player_name': ' Salas', 'player_number': '9'}, {'player_name': ' Barticciotto', 'player_number': '14'}, {'player_name': ' Benítez', 'player_number': '11'}, {'player_name': ' Farías', 'player_number': '5'}, {'player_name': ' Dávila', 'player_number': '10'}, {'player_name': ' Carrasco', 'player_number': '7'}, {'player_name': ' Véjar', 'player_number': '19'}, {'player_name': ' Suárez', 'player_number': '13'}, {'player_name': ' Ceza', 'player_number': '4'}, {'player_name': ' Zúñiga', 'player_number': '28'}, {'player_name': ' Rigamonti', 'player_number': '1'}]","[{'player_name': ' Holgado', 'player_number': '9'}, {'player_name': ' Cabral', 'player_number': '29'}, {'player_name': ' Chandía', 'player_number': '31'}, {'player_name': ' Galani', 'player_number': '7'}, {'player_name': ' Glaby', 'player_number': '6'}, {'player_name': ' Farfán', 'player_number': '17'}, {'player_name': ' Cornejo', 'player_number': '16'}, {'player_name': ' Sánchez', 'player_number': '27'}, {'player_name': ' Cardozo', 'player_number': '22'}, {'player_name': ' Escobar', 'player_number': '5'}, {'player_name': ' Sánchez', 'player_number': '13'}]","['Salas', 'Barticciotto', 'Benítez', 'Farías', 'Dávila', 'Carrasco', 'Véjar', 'Suárez', 'Ceza', 'Zúñiga', 'Rigamonti']","['9', '14', '11', '5', '10', '7', '19', '13', '4', '28', '1']","['Holgado', 'Cabral', 'Chandía', 'Galani', 'Glaby', 'Farfán', 'Cornejo', 'Sánchez', 'Cardozo', 'Escobar', 'Sánchez']","['9', '29', '31', '7', '6', '17', '16', '27', '22', '5', '13']"
11,Matchday 17,17/07/2023,False,False,False,Curicó Unido,Univ Católica,2,0,0.47,0.53,12,11,6,6,0.58,0.42,0.21,0.04,0.75,1295,La Granja,"[{'player_name': ' Castro', 'player_number': '20'}, {'player_name': ' Coelho', 'player_number': '27'}, {'player_name': ' De La Fuente', 'player_number': '19'}, {'player_name': ' Nadruz', 'player_number': '5'}, {'player_name': ' Leiva', 'player_number': '10'}, {'player_name': ' Sandoval', 'player_number': '8'}, {'player_name': ' Zavala', 'player_number': '15'}, {'player_name': ' Muñoz', 'player_number': '33'}, {'player_name': ' Cahais', 'player_number': '3'}, {'player_name': ' Bechtholdt', 'player_number': '16'}, {'player_name': ' Cerda', 'player_number': '12'}]","[{'player_name': ' Aravena', 'player_number': '18'}, {'player_name': ' Zampedri', 'player_number': '9'}, {'player_name': ' Tapia', 'player_number': '20'}, {'player_name': ' Mena', 'player_number': '3'}, {'player_name': ' Rovira', 'player_number': '16'}, {'player_name': ' Saavedra', 'player_number': '8'}, {'player_name': ' Montes', 'player_number': '35'}, {'player_name': ' Kagelmacher', 'player_number': '55'}, {'player_name': ' Burdisso', 'player_number': '6'}, {'player_name': ' Ampuero', 'player_number': '17'}, {'player_name': ' Peranic', 'player_number': '22'}]","['Castro', 'Coelho', 'De La Fuente', 'Nadruz', 'Leiva', 'Sandoval', 'Zavala', 'Muñoz', 'Cahais', 'Bechtholdt', 'Cerda']","['20', '27', '19', '5', '10', '8', '15', '33', '3', '16', '12']","['Aravena', 'Zampedri', 'Tapia', 'Mena', 'Rovira', 'Saavedra', 'Montes', 'Kagelmacher', 'Burdisso', 'Ampuero', 'Peranic']","['18', '9', '20', '3', '16', '8', '35', '55', '6', '17', '22']"
12,Matchday 17,16/07/2023,False,False,False,Everton Vina Del Mar,U. La Calera,1,2,0.72,0.28,14,6,6,3,0.51,0.49,0.72,0.07,0.21,442,Estadio Sausalito,"[{'player_name': ' Sáez', 'player_number': '11'}, {'player_name': ' Pastrán', 'player_number': '7'}, {'player_name': ' Montes', 'player_number': '28'}, {'player_name': ' Cuevas', 'player_number': '10'}, {'player_name': ' Madrid', 'player_number': '6'}, {'player_name': ' Berríos', 'player_number': '21'}, {'player_name': ' Riquelme', 'player_number': '2'}, {'player_name': ' Oyarzún', 'player_number': '24'}, {'player_name': ' Echeverría', 'player_number': '20'}, {'player_name': ' Espejo', 'player_number': '23'}, {'player_name': ' Torgnascioli', 'player_number': '1'}]","[{'player_name': ' Orellana', 'player_number': '11'}, {'player_name': ' Passerini', 'player_number': '9'}, {'player_name': ' Lomónaco', 'player_number': '15'}, {'player_name': ' Valencia', 'player_number': '7'}, {'player_name': ' Alarcón', 'player_number': '8'}, {'player_name': ' Max', 'player_number': '35'}, {'player_name': ' Díaz', 'player_number': '4'}, {'player_name': ' Asta-Buruaga', 'player_number': '23'}, {'player_name': ' Lópes', 'player_number': '2'}, {'player_name': ' Salinas', 'player_number': '17'}, {'player_name': ' Carabalí', 'player_number': '12'}]","['Sáez', 'Pastrán', 'Montes', 'Cuevas', 'Madrid', 'Berríos', 'Riquelme', 'Oyarzún', 'Echeverría', 'Espejo', 'Torgnascioli']","['11', '7', '28', '10', '6', '21', '2', '24', '20', '23', '1']","['Orellana', 'Passerini', 'Lomónaco', 'Valencia', 'Alarcón', 'Max', 'Díaz', 'Asta-Buruaga', 'Lópes', 'Salinas', 'Carabalí']","['11', '9', '15', '7', '8', '35', '4', '23', '2', '17', '12']"
13,Matchday 17,16/07/2023,False,False,False,Magallanes,Ñublense,1,1,0.64,0.36,15,7,5,3,0.46,0.54,0.52,0.06,0.42,460,Municipal San Bernardo,"[{'player_name': ' Zapata', 'player_number': '11'}, {'player_name': ' Flores', 'player_number': '17'}, {'player_name': ' Alfaro', 'player_number': '7'}, {'player_name': ' Aránguiz', 'player_number': '10'}, {'player_name': ' Villanueva', 'player_number': '21'}, {'player_name': ' Canales', 'player_number': '27'}, {'player_name': ' Espinoza', 'player_number': '14'}, {'player_name': ' Berardo', 'player_number': '6'}, {'player_name': ' Vilches', 'player_number': '5'}, {'player_name': ' Vásquez', 'player_number': '4'}, {'player_name': ' Tapia', 'player_number': '30'}]","[{'player_name': ' Valdés', 'player_number': '30'}, {'player_name': ' Sosa', 'player_number': '26'}, {'player_name': ' Córdova', 'player_number': '2'}, {'player_name': ' Rivera', 'player_number': '28'}, {'player_name': ' Reyes', 'player_number': '6'}, {'player_name': ' Leiva', 'player_number': '11'}, {'player_name': ' Rebolledo', 'player_number': '21'}, {'player_name': ' Abascia', 'player_number': '19'}, {'player_name': ' Caroca', 'player_number': '5'}, {'player_name': ' Guerrero', 'player_number': '17'}, {'player_name': ' Pérez', 'player_number': '1'}]","['Zapata', 'Flores', 'Alfaro', 'Aránguiz', 'Villanueva', 'Canales', 'Espinoza', 'Berardo', 'Vilches', 'Vásquez', 'Tapia']","['11', '17', '7', '10', '21', '27', '14', '6', '5', '4', '30']","['Valdés', 'Sosa', 'Córdova', 'Rivera', 'Reyes', 'Leiva', 'Rebolledo', 'Abascia', 'Caroca', 'Guerrero', 'Pérez']","['30', '26', '2', '28', '6', '11', '21', '19', '5', '17', '1']"
14,Matchday 17,16/07/2023,False,False,False,Copiapó,Audax,1,0,0.45,0.55,8,11,4,3,0.49,0.51,0.26,0.13,0.61,560,Estadio Luis Valenzuela Hermosilla,"[{'player_name': ' Quinteros', 'player_number': '29'}, {'player_name': ' Díaz', 'player_number': '31'}, {'player_name': ' Rozas', 'player_number': '14'}, {'player_name': ' Tati', 'player_number': '20'}, {'player_name': ' Medel', 'player_number': '21'}, {'player_name': ' Jaime', 'player_number': '23'}, {'player_name': ' Toro', 'player_number': '17'}, {'player_name': ' García', 'player_number': '15'}, {'player_name': ' Sills', 'player_number': '19'}, {'player_name': ' Ortíz', 'player_number': '4'}, {'player_name': ' Espinoza', 'player_number': '22'}]","[{'player_name': ' Sosa', 'player_number': '9'}, {'player_name': ' Fuentes', 'player_number': '10'}, {'player_name': ' Hachen', 'player_number': '32'}, {'player_name': ' Ríos', 'player_number': '19'}, {'player_name': ' Diaz', 'player_number': '21'}, {'player_name': ' Juárez', 'player_number': '15'}, {'player_name': ' Matus', 'player_number': '17'}, {'player_name': ' Bosso', 'player_number': '4'}, {'player_name': ' Labrín', 'player_number': '2'}, {'player_name': ' Fernández', 'player_number': '7'}, {'player_name': ' Ahumada', 'player_number': '12'}]","['Quinteros', 'Díaz', 'Rozas', 'Tati', 'Medel', 'Jaime', 'Toro', 'García', 'Sills', 'Ortíz', 'Espinoza']","['29', '31', '14', '20', '21', '23', '17', '15', '19', '4', '22']","['Sosa', 'Fuentes', 'Hachen', 'Ríos', 'Diaz', 'Juárez', 'Matus', 'Bosso', 'Labrín', 'Fernández', 'Ahumada']","['9', '10', '32', '19', '21', '15', '17', '4', '2', '7', '12']"
15,Matchday 17,15/07/2023,False,False,False,Colo Colo,O'Higgins,2,0,0.49,0.51,15,15,4,5,0.44,0.56,0.88,0.02,0.1,3491,Estadio Monumental David Arellano,"[{'player_name': ' Castillo', 'player_number': '17'}, {'player_name': ' Pizarro', 'player_number': '9'}, {'player_name': ' Thompson', 'player_number': '24'}, {'player_name': ' Pizarro', 'player_number': '34'}, {'player_name': ' Pavez', 'player_number': '8'}, {'player_name': ' Gil', 'player_number': '5'}, {'player_name': ' Wiemberg', 'player_number': '21'}, {'player_name': ' González', 'player_number': '23'}, {'player_name': ' Saldivia', 'player_number': '4'}, {'player_name': ' Rojas', 'player_number': '2'}, {'player_name': ' Cortés', 'player_number': '1'}]","[{'player_name': ' Belmar', 'player_number': '19'}, {'player_name': ' Moreira', 'player_number': '14'}, {'player_name': ' Castro', 'player_number': '11'}, {'player_name': ' Díaz', 'player_number': '30'}, {'player_name': ' Moya', 'player_number': '13'}, {'player_name': ' Fernández', 'player_number': '21'}, {'player_name': ' Hormazábal', 'player_number': '7'}, {'player_name': ' Torrealba', 'player_number': '23'}, {'player_name': ' Thaller', 'player_number': '24'}, {'player_name': ' Fuentes', 'player_number': '6'}, {'player_name': ' González', 'player_number': '25'}]","['Castillo', 'Pizarro', 'Thompson', 'Pizarro', 'Pavez', 'Gil', 'Wiemberg', 'González', 'Saldivia', 'Rojas', 'Cortés']","['17', '9', '24', '34', '8', '5', '21', '23', '4', '2', '1']","['Belmar', 'Moreira', 'Castro', 'Díaz', 'Moya', 'Fernández', 'Hormazábal', 'Torrealba', 'Thaller', 'Fuentes', 'González']","['19', '14', '11', '30', '13', '21', '7', '23', '24', '6', '25']"
16,Matchday 17,14/07/2023,False,False,False,Cobresal,Huachipato,2,0,0.41,0.59,12,16,4,3,0.5,0.5,0.51,0.15,0.34,669,Estadio El Cobre,"[{'player_name': ' Castro', 'player_number': '16'}, {'player_name': ' Munder', 'player_number': '18'}, {'player_name': ' Valencia', 'player_number': '9'}, {'player_name': ' García', 'player_number': '14'}, {'player_name': ' Camargo', 'player_number': '6'}, {'player_name': ' Mesías', 'player_number': '13'}, {'player_name': ' Jorquera', 'player_number': '7'}, {'player_name': ' Alarcón', 'player_number': '5'}, {'player_name': ' Silva', 'player_number': '26'}, {'player_name': ' Pacheco', 'player_number': '23'}, {'player_name': ' Requena', 'player_number': '22'}]","[{'player_name': ' Martínez', 'player_number': '23'}, {'player_name': ' Rodríguez', 'player_number': '15'}, {'player_name': ' Palmezano', 'player_number': '10'}, {'player_name': ' Montes', 'player_number': '8'}, {'player_name': ' Martínez', 'player_number': '20'}, {'player_name': ' Altamirano', 'player_number': '7'}, {'player_name': ' Baeza', 'player_number': '17'}, {'player_name': ' Ramírez', 'player_number': '5'}, {'player_name': ' Gazzolo', 'player_number': '4'}, {'player_name': ' Gutiérrez', 'player_number': '18'}, {'player_name': ' Castellón', 'player_number': '25'}]","['Castro', 'Munder', 'Valencia', 'García', 'Camargo', 'Mesías', 'Jorquera', 'Alarcón', 'Silva', 'Pacheco', 'Requena']","['16', '18', '9', '14', '6', '13', '7', '5', '26', '23', '22']","['Martínez', 'Rodríguez', 'Palmezano', 'Montes', 'Martínez', 'Altamirano', 'Baeza', 'Ramírez', 'Gazzolo', 'Gutiérrez', 'Castellón']","['23', '15', '10', '8', '20', '7', '17', '5', '4', '18', '25']"
17,Matchday 16,13/07/2023,False,False,False,Coquimbo,Curicó Unido,1,0,0.38,0.62,10,9,5,1,0.42,0.58,0.63,0.05,0.32,1007,Francisco Sánchez Rumoroso,"[{'player_name': ' Holgado', 'player_number': '9'}, {'player_name': ' Cabral', 'player_number': '29'}, {'player_name': ' Chandía', 'player_number': '31'}, {'player_name': ' Galani', 'player_number': '7'}, {'player_name': ' Glaby', 'player_number': '6'}, {'player_name': ' Palavecino', 'player_number': '11'}, {'player_name': ' Cornejo', 'player_number': '16'}, {'player_name': ' Sánchez', 'player_number': '27'}, {'player_name': ' Cardozo', 'player_number': '22'}, {'player_name': ' Escobar', 'player_number': '5'}, {'player_name': ' Sánchez', 'player_number': '13'}]","[{'player_name': ' Coelho', 'player_number': '27'}, {'player_name': ' Aliaga', 'player_number': '29'}, {'player_name': ' Castro', 'player_number': '20'}, {'player_name': ' De La Fuente', 'player_number': '19'}, {'player_name': ' Leiva', 'player_number': '10'}, {'player_name': ' Nadruz', 'player_number': '5'}, {'player_name': ' Barrios', 'player_number': '24'}, {'player_name': ' Merlo', 'player_number': '2'}, {'player_name': ' Cahais', 'player_number': '3'}, {'player_name': ' Bechtholdt', 'player_number': '16'}, {'player_name': ' Cerda', 'player_number': '12'}]","['Holgado', 'Cabral', 'Chandía', 'Galani', 'Glaby', 'Palavecino', 'Cornejo', 'Sánchez', 'Cardozo', 'Escobar', 'Sánchez']","['9', '29', '31', '7', '6', '11', '16', '27', '22', '5', '13']","['Coelho', 'Aliaga', 'Castro', 'De La Fuente', 'Leiva', 'Nadruz', 'Barrios', 'Merlo', 'Cahais', 'Bechtholdt', 'Cerda']","['27', '29', '20', '19', '10', '5', '24', '2', '3', '16', '12']"
18,Matchday 16,09/07/2023,False,False,False,O'Higgins,Magallanes,1,2,0.69,0.31,18,13,2,5,0.43,0.57,0.73,0.04,0.23,711,Estadio El Teniente,"[{'player_name': ' Belmar', 'player_number': '19'}, {'player_name': ' Castro', 'player_number': '11'}, {'player_name': ' Díaz', 'player_number': '30'}, {'player_name': ' Hernandez', 'player_number': '8'}, {'player_name': ' Marín', 'player_number': '10'}, {'player_name': ' Moya', 'player_number': '13'}, {'player_name': ' Hormazábal', 'player_number': '7'}, {'player_name': ' Torrealba', 'player_number': '23'}, {'player_name': ' Fuentes', 'player_number': '6'}, {'player_name': ' González', 'player_number': '17'}, {'player_name': ' González', 'player_number': '25'}]","[{'player_name': ' Zapata', 'player_number': '11'}, {'player_name': ' Flores', 'player_number': '17'}, {'player_name': ' Alfaro', 'player_number': '7'}, {'player_name': ' Espinoza', 'player_number': '14'}, {'player_name': ' Canales', 'player_number': '27'}, {'player_name': ' Aránguiz', 'player_number': '10'}, {'player_name': ' Vásquez', 'player_number': '4'}, {'player_name': ' Berardo', 'player_number': '6'}, {'player_name': ' Vilches', 'player_number': '5'}, {'player_name': ' Piñero', 'player_number': '2'}, {'player_name': ' Rodríguez', 'player_number': '1'}]","['Belmar', 'Castro', 'Díaz', 'Hernandez', 'Marín', 'Moya', 'Hormazábal', 'Torrealba', 'Fuentes', 'González', 'González']","['19', '11', '30', '8', '10', '13', '7', '23', '6', '17', '25']","['Zapata', 'Flores', 'Alfaro', 'Espinoza', 'Canales', 'Aránguiz', 'Vásquez', 'Berardo', 'Vilches', 'Piñero', 'Rodríguez']","['11', '17', '7', '14', '27', '10', '4', '6', '5', '2', '1']"
19,Matchday 16,09/07/2023,False,False,False,U. La Calera,Cobresal,1,1,0.53,0.47,15,6,3,1,0.6,0.4,0.45,0.08,0.47,632,Estadio Municipal Nicolás Chahuán,"[{'player_name': ' Lomónaco', 'player_number': '15'}, {'player_name': ' Gaete', 'player_number': '22'}, {'player_name': ' Buonanott', 'player_number': '18'}, {'player_name': ' Cavalleri', 'player_number': '10'}, {'player_name': ' Alarcón', 'player_number': '8'}, {'player_name': ' Max', 'player_number': '35'}, {'player_name': ' Díaz', 'player_number': '4'}, {'player_name': ' Asta-Buruaga', 'player_number': '23'}, {'player_name': ' Lópes', 'player_number': '2'}, {'player_name': ' Salinas', 'player_number': '17'}, {'player_name': ' Carabalí', 'player_number': '12'}]","[{'player_name': ' Castro', 'player_number': '16'}, {'player_name': ' Munder', 'player_number': '18'}, {'player_name': ' Valencia', 'player_number': '9'}, {'player_name': ' García', 'player_number': '14'}, {'player_name': ' Camargo', 'player_number': '6'}, {'player_name': ' Pacheco', 'player_number': '2'}, {'player_name': ' Jorquera', 'player_number': '7'}, {'player_name': ' Alarcón', 'player_number': '5'}, {'player_name': ' Silva', 'player_number': '26'}, {'player_name': ' Pacheco', 'player_number': '23'}, {'player_name': ' Requena', 'player_number': '22'}]","['Lomónaco', 'Gaete', 'Buonanott', 'Cavalleri', 'Alarcón', 'Max', 'Díaz', 'Asta-Buruaga', 'Lópes', 'Salinas', 'Carabalí']","['15', '22', '18', '10', '8', '35', '4', '23', '2', '17', '12']","['Castro', 'Munder', 'Valencia', 'García', 'Camargo', 'Pacheco', 'Jorquera', 'Alarcón', 'Silva', 'Pacheco', 'Requena']","['16', '18', '9', '14', '6', '2', '7', '5', '26', '23', '22']"
20,Matchday 16,08/07/2023,False,False,False,Univ Católica,Everton Vina Del Mar,0,1,0.38,0.62,11,11,3,1,0.61,0.4,0.75,0.04,0.21,1483,Estadio Santa Laura-Universidad SEK,"[{'player_name': ' Aravena', 'player_number': '18'}, {'player_name': ' Di Santo', 'player_number': '7'}, {'player_name': ' Cuevas', 'player_number': '15'}, {'player_name': ' Mena', 'player_number': '3'}, {'player_name': ' Saavedra', 'player_number': '8'}, {'player_name': ' González', 'player_number': '19'}, {'player_name': ' Nieto', 'player_number': '23'}, {'player_name': ' Kagelmacher', 'player_number': '55'}, {'player_name': ' Burdisso', 'player_number': '6'}, {'player_name': ' Ampuero', 'player_number': '17'}, {'player_name': ' Dituro', 'player_number': '1'}]","[{'player_name': ' Sáez', 'player_number': '11'}, {'player_name': ' Cuevas', 'player_number': '10'}, {'player_name': ' Pastrán', 'player_number': '7'}, {'player_name': ' Berríos', 'player_number': '21'}, {'player_name': ' Madrid', 'player_number': '6'}, {'player_name': ' Echeverría', 'player_number': '20'}, {'player_name': ' Riquelme', 'player_number': '2'}, {'player_name': ' Oyarzún', 'player_number': '24'}, {'player_name': ' Barroso', 'player_number': '5'}, {'player_name': ' Espejo', 'player_number': '23'}, {'player_name': ' Torgnascioli', 'player_number': '1'}]","['Aravena', 'Di Santo', 'Cuevas', 'Mena', 'Saavedra', 'González', 'Nieto', 'Kagelmacher', 'Burdisso', 'Ampuero', 'Dituro']","['18', '7', '15', '3', '8', '19', '23', '55', '6', '17', '1']","['Sáez', 'Cuevas', 'Pastrán', 'Berríos', 'Madrid', 'Echeverría', 'Riquelme', 'Oyarzún', 'Barroso', 'Espejo', 'Torgnascioli']","['11', '10', '7', '21', '6', '20', '2', '24', '5', '23', '1']"
21,Matchday 16,08/07/2023,False,False,False,Huachipato,U. de Chile,1,2,0.7,0.3,11,16,4,6,0.43,0.57,0.16,0.02,0.82,3397,Estadio Huachipato-CAP Acero,"[{'player_name': ' Martínez', 'player_number': '23'}, {'player_name': ' Magnin', 'player_number': '11'}, {'player_name': ' Rodríguez', 'player_number': '15'}, {'player_name': ' Altamirano', 'player_number': '7'}, {'player_name': ' Sepúlveda', 'player_number': '6'}, {'player_name': ' Martínez', 'player_number': '20'}, {'player_name': ' Baeza', 'player_number': '17'}, {'player_name': ' Ramírez', 'player_number': '5'}, {'player_name': ' Gazzolo', 'player_number': '4'}, {'player_name': ' Gutiérrez', 'player_number': '18'}, {'player_name': ' Castellón', 'player_number': '25'}]","[{'player_name': ' Guerra', 'player_number': '16'}, {'player_name': ' Palacios', 'player_number': '30'}, {'player_name': ' Morales', 'player_number': '14'}, {'player_name': ' Mateos', 'player_number': '20'}, {'player_name': ' Assadi', 'player_number': '10'}, {'player_name': ' Poblete', 'player_number': '28'}, {'player_name': ' Gómez', 'player_number': '19'}, {'player_name': ' Casanova', 'player_number': '17'}, {'player_name': ' Domínguez', 'player_number': '23'}, {'player_name': ' Zaldivia', 'player_number': '22'}, {'player_name': ' Campos', 'player_number': '1'}]","['Martínez', 'Magnin', 'Rodríguez', 'Altamirano', 'Sepúlveda', 'Martínez', 'Baeza', 'Ramírez', 'Gazzolo', 'Gutiérrez', 'Castellón']","['23', '11', '15', '7', '6', '20', '17', '5', '4', '18', '25']","['Guerra', 'Palacios', 'Morales', 'Mateos', 'Assadi', 'Poblete', 'Gómez', 'Casanova', 'Domínguez', 'Zaldivia', 'Campos']","['16', '30', '14', '20', '10', '28', '19', '17', '23', '22', '1']"
22,Matchday 16,07/07/2023,False,False,False,Audax,Palestino,0,3,0.59,0.41,14,18,3,6,0.5,0.5,0.63,0.08,0.29,1011,Estadio Municipal de La Florida,"[{'player_name': ' Ríos', 'player_number': '19'}, {'player_name': ' Sosa', 'player_number': '9'}, {'player_name': ' Fernández', 'player_number': '7'}, {'player_name': ' Hachen', 'player_number': '32'}, {'player_name': ' Diaz', 'player_number': '21'}, {'player_name': ' Juárez', 'player_number': '15'}, {'player_name': ' Matus', 'player_number': '17'}, {'player_name': ' Bosso', 'player_number': '4'}, {'player_name': ' Labrín', 'player_number': '2'}, {'player_name': ' Rojas', 'player_number': '16'}, {'player_name': ' Ahumada', 'player_number': '12'}]","[{'player_name': ' Salas', 'player_number': '9'}, {'player_name': ' Barticciotto', 'player_number': '14'}, {'player_name': ' Benítez', 'player_number': '11'}, {'player_name': ' Farías', 'player_number': '5'}, {'player_name': ' Dávila', 'player_number': '10'}, {'player_name': ' Carrasco', 'player_number': '7'}, {'player_name': ' Véjar', 'player_number': '19'}, {'player_name': ' Suárez', 'player_number': '13'}, {'player_name': ' Ceza', 'player_number': '4'}, {'player_name': ' Zúñiga', 'player_number': '28'}, {'player_name': ' Rigamonti', 'player_number': '1'}]","['Ríos', 'Sosa', 'Fernández', 'Hachen', 'Diaz', 'Juárez', 'Matus', 'Bosso', 'Labrín', 'Rojas', 'Ahumada']","['19', '9', '7', '32', '21', '15', '17', '4', '2', '16', '12']","['Salas', 'Barticciotto', 'Benítez', 'Farías', 'Dávila', 'Carrasco', 'Véjar', 'Suárez', 'Ceza', 'Zúñiga', 'Rigamonti']","['9', '14', '11', '5', '10', '7', '19', '13', '4', '28', '1']"
23,Matchday 16,07/07/2023,False,False,False,Ñublense,Unión Española,0,1,0.52,0.48,13,17,4,4,0.48,0.52,0.55,0.08,0.37,1254,Estadio Municipal Nelson Oyarzún Arenas,"[{'player_name': ' Rubio', 'player_number': '12'}, {'player_name': ' Aránguiz', 'player_number': '22'}, {'player_name': ' Rivera', 'player_number': '28'}, {'player_name': ' Leiva', 'player_number': '11'}, {'player_name': ' Valdés', 'player_number': '30'}, {'player_name': ' Reyes', 'player_number': '6'}, {'player_name': ' Campusano', 'player_number': '14'}, {'player_name': ' Zalazar', 'player_number': '33'}, {'player_name': ' Caroca', 'player_number': '5'}, {'player_name': ' Cerezo', 'player_number': '18'}, {'player_name': ' Pérez', 'player_number': '1'}]","[{'player_name': ' Garate', 'player_number': '23'}, {'player_name': ' Uribe', 'player_number': '11'}, {'player_name': ' Norambuena', 'player_number': '24'}, {'player_name': ' Núñez', 'player_number': '14'}, {'player_name': ' Leyton', 'player_number': '8'}, {'player_name': ' Piñeiro', 'player_number': '10'}, {'player_name': ' Pavez', 'player_number': '6'}, {'player_name': ' Tiznado', 'player_number': '30'}, {'player_name': ' Villagra', 'player_number': '28'}, {'player_name': ' Ramírez', 'player_number': '16'}, {'player_name': ' Pérez', 'player_number': '25'}]","['Rubio', 'Aránguiz', 'Rivera', 'Leiva', 'Valdés', 'Reyes', 'Campusano', 'Zalazar', 'Caroca', 'Cerezo', 'Pérez']","['12', '22', '28', '11', '30', '6', '14', '33', '5', '18', '1']","['Garate', 'Uribe', 'Norambuena', 'Núñez', 'Leyton', 'Piñeiro', 'Pavez', 'Tiznado', 'Villagra', 'Ramírez', 'Pérez']","['23', '11', '24', '14', '8', '10', '6', '30', '28', '16', '25']"
24,Matchday 15,21/05/2023,False,False,False,Cobresal,Unión Española,0,0,0.6,0.4,14,9,4,3,0.45,0.55,0.48,0.07,0.45,650,Estadio El Cobre,"[{'player_name': ' Waterman', 'player_number': '30'}, {'player_name': ' Munder', 'player_number': '18'}, {'player_name': ' Valencia', 'player_number': '9'}, {'player_name': ' Lezcano', 'player_number': '11'}, {'player_name': ' Camargo', 'player_number': '6'}, {'player_name': ' Vásquez', 'player_number': '25'}, {'player_name': ' Jorquera', 'player_number': '7'}, {'player_name': ' Alarcón', 'player_number': '5'}, {'player_name': ' Silva', 'player_number': '26'}, {'player_name': ' Contreras', 'player_number': '4'}, {'player_name': ' Requena', 'player_number': '22'}]","[{'player_name': ' Garate', 'player_number': '23'}, {'player_name': ' Uribe', 'player_number': '11'}, {'player_name': ' Carvallo', 'player_number': '21'}, {'player_name': ' Galdames', 'player_number': '27'}, {'player_name': ' Núñez', 'player_number': '14'}, {'player_name': ' Leyton', 'player_number': '8'}, {'player_name': ' Pavez', 'player_number': '6'}, {'player_name': ' Vidal', 'player_number': '3'}, {'player_name': ' Villagra', 'player_number': '28'}, {'player_name': ' Ramírez', 'player_number': '16'}, {'player_name': ' Pérez', 'player_number': '25'}]","['Waterman', 'Munder', 'Valencia', 'Lezcano', 'Camargo', 'Vásquez', 'Jorquera', 'Alarcón', 'Silva', 'Contreras', 'Requena']","['30', '18', '9', '11', '6', '25', '7', '5', '26', '4', '22']","['Garate', 'Uribe', 'Carvallo', 'Galdames', 'Núñez', 'Leyton', 'Pavez', 'Vidal', 'Villagra', 'Ramírez', 'Pérez']","['23', '11', '21', '27', '14', '8', '6', '3', '28', '16', '25']"
25,Matchday 15,21/05/2023,False,False,False,Univ Católica,U. La Calera,1,1,0.52,0.48,13,17,4,5,0.47,0.53,0.8,0.03,0.17,1766,Estadio Santa Laura-Universidad SEK,"[{'player_name': ' Zampedri', 'player_number': '9'}, {'player_name': ' Cuevas', 'player_number': '15'}, {'player_name': ' Pinares', 'player_number': '10'}, {'player_name': ' Di Santo', 'player_number': '7'}, {'player_name': ' Aravena', 'player_number': '18'}, {'player_name': ' Saavedra', 'player_number': '8'}, {'player_name': ' Mena', 'player_number': '3'}, {'player_name': ' Parot', 'player_number': '24'}, {'player_name': ' Gónzalez', 'player_number': '5'}, {'player_name': ' Nieto', 'player_number': '23'}, {'player_name': ' Dituro', 'player_number': '1'}]","[{'player_name': ' Cavalleri', 'player_number': '10'}, {'player_name': ' Lomónaco', 'player_number': '15'}, {'player_name': ' Buonanott', 'player_number': '18'}, {'player_name': ' Pérez', 'player_number': '21'}, {'player_name': ' Acevedo', 'player_number': '5'}, {'player_name': ' Gaete', 'player_number': '22'}, {'player_name': ' Peñailillo', 'player_number': '14'}, {'player_name': ' Asta-Buruaga', 'player_number': '23'}, {'player_name': ' Lópes', 'player_number': '2'}, {'player_name': ' Salinas', 'player_number': '17'}, {'player_name': ' Carabalí', 'player_number': '12'}]","['Zampedri', 'Cuevas', 'Pinares', 'Di Santo', 'Aravena', 'Saavedra', 'Mena', 'Parot', 'Gónzalez', 'Nieto', 'Dituro']","['9', '15', '10', '7', '18', '8', '3', '24', '5', '23', '1']","['Cavalleri', 'Lomónaco', 'Buonanott', 'Pérez', 'Acevedo', 'Gaete', 'Peñailillo', 'Asta-Buruaga', 'Lópes', 'Salinas', 'Carabalí']","['10', '15', '18', '21', '5', '22', '14', '23', '2', '17', '12']"
26,Matchday 15,20/05/2023,False,False,False,Everton Vina Del Mar,Copiapó,2,1,0.44,0.56,5,24,4,5,0.47,0.53,0.68,0.03,0.29,427,Estadio Sausalito,"[{'player_name': ' Sáez', 'player_number': '11'}, {'player_name': ' Sosa', 'player_number': '18'}, {'player_name': ' Pastrán', 'player_number': '7'}, {'player_name': ' Madrid', 'player_number': '6'}, {'player_name': ' Echeverría', 'player_number': '20'}, {'player_name': ' Berríos', 'player_number': '21'}, {'player_name': ' Riquelme', 'player_number': '2'}, {'player_name': ' Oyarzún', 'player_number': '24'}, {'player_name': ' Barroso', 'player_number': '5'}, {'player_name': ' Campos', 'player_number': '3'}, {'player_name': ' Torgnascioli', 'player_number': '1'}]","[{'player_name': ' Quinteros', 'player_number': '29'}, {'player_name': ' Rozas', 'player_number': '14'}, {'player_name': ' Luna', 'player_number': '10'}, {'player_name': ' López', 'player_number': '27'}, {'player_name': ' Cabrera', 'player_number': '5'}, {'player_name': ' Medel', 'player_number': '21'}, {'player_name': ' Toro', 'player_number': '17'}, {'player_name': ' Ríos', 'player_number': '2'}, {'player_name': ' Ortíz', 'player_number': '4'}, {'player_name': ' Contreras', 'player_number': '26'}, {'player_name': ' Leytón', 'player_number': '1'}]","['Sáez', 'Sosa', 'Pastrán', 'Madrid', 'Echeverría', 'Berríos', 'Riquelme', 'Oyarzún', 'Barroso', 'Campos', 'Torgnascioli']","['11', '18', '7', '6', '20', '21', '2', '24', '5', '3', '1']","['Quinteros', 'Rozas', 'Luna', 'López', 'Cabrera', 'Medel', 'Toro', 'Ríos', 'Ortíz', 'Contreras', 'Leytón']","['29', '14', '10', '27', '5', '21', '17', '2', '4', '26', '1']"
27,Matchday 15,20/05/2023,False,False,False,Ñublense,U. de Chile,1,1,0.51,0.49,16,14,10,4,0.53,0.47,0.16,0.02,0.82,3369,Estadio Municipal Nelson Oyarzún Arenas,"[{'player_name': ' Vilches', 'player_number': '9'}, {'player_name': ' Rubio', 'player_number': '12'}, {'player_name': ' Henríquez', 'player_number': '20'}, {'player_name': ' Leiva', 'player_number': '11'}, {'player_name': ' Reyes', 'player_number': '6'}, {'player_name': ' Cisterna', 'player_number': '8'}, {'player_name': ' Campusano', 'player_number': '14'}, {'player_name': ' Zalazar', 'player_number': '33'}, {'player_name': ' Caroca', 'player_number': '5'}, {'player_name': ' Cerezo', 'player_number': '18'}, {'player_name': ' Pérez', 'player_number': '1'}]","[{'player_name': ' Palacios', 'player_number': '30'}, {'player_name': ' Guerra', 'player_number': '16'}, {'player_name': ' Morales', 'player_number': '14'}, {'player_name': ' Cordero', 'player_number': '29'}, {'player_name': ' Ojeda', 'player_number': '5'}, {'player_name': ' Poblete', 'player_number': '28'}, {'player_name': ' Gómez', 'player_number': '19'}, {'player_name': ' Tapia', 'player_number': '3'}, {'player_name': ' Domínguez', 'player_number': '23'}, {'player_name': ' Casanova', 'player_number': '17'}, {'player_name': ' Campos', 'player_number': '1'}]","['Vilches', 'Rubio', 'Henríquez', 'Leiva', 'Reyes', 'Cisterna', 'Campusano', 'Zalazar', 'Caroca', 'Cerezo', 'Pérez']","['9', '12', '20', '11', '6', '8', '14', '33', '5', '18', '1']","['Palacios', 'Guerra', 'Morales', 'Cordero', 'Ojeda', 'Poblete', 'Gómez', 'Tapia', 'Domínguez', 'Casanova', 'Campos']","['30', '16', '14', '29', '5', '28', '19', '3', '23', '17', '1']"
28,Matchday 15,20/05/2023,False,False,False,Coquimbo,Magallanes,1,0,0.45,0.55,8,17,2,4,0.52,0.48,0.65,0.05,0.3,812,Francisco Sánchez Rumoroso,"[{'player_name': ' Holgado', 'player_number': '9'}, {'player_name': ' Chandía', 'player_number': '31'}, {'player_name': ' Cabral', 'player_number': '29'}, {'player_name': ' Farfán', 'player_number': '17'}, {'player_name': ' Galani', 'player_number': '7'}, {'player_name': ' Glaby', 'player_number': '6'}, {'player_name': ' Cornejo', 'player_number': '16'}, {'player_name': ' Carrasco', 'player_number': '3'}, {'player_name': ' Sánchez', 'player_number': '27'}, {'player_name': ' Escobar', 'player_number': '5'}, {'player_name': ' Sánchez', 'player_number': '13'}]","[{'player_name': ' Zapata', 'player_number': '11'}, {'player_name': ' Jones', 'player_number': '22'}, {'player_name': ' Alfaro', 'player_number': '7'}, {'player_name': ' Espinoza', 'player_number': '14'}, {'player_name': ' Aránguiz', 'player_number': '10'}, {'player_name': ' Quiroz', 'player_number': '18'}, {'player_name': ' Filla', 'player_number': '20'}, {'player_name': ' Berardo', 'player_number': '6'}, {'player_name': ' Piñero', 'player_number': '2'}, {'player_name': ' Vilches', 'player_number': '5'}, {'player_name': ' Rodríguez', 'player_number': '1'}]","['Holgado', 'Chandía', 'Cabral', 'Farfán', 'Galani', 'Glaby', 'Cornejo', 'Carrasco', 'Sánchez', 'Escobar', 'Sánchez']","['9', '31', '29', '17', '7', '6', '16', '3', '27', '5', '13']","['Zapata', 'Jones', 'Alfaro', 'Espinoza', 'Aránguiz', 'Quiroz', 'Filla', 'Berardo', 'Piñero', 'Vilches', 'Rodríguez']","['11', '22', '7', '14', '10', '18', '20', '6', '2', '5', '1']"
29,Matchday 15,19/05/2023,False,False,False,Audax,Huachipato,1,0,0.3,0.7,4,12,3,0,0.54,0.46,0.41,0.06,0.53,835,Estadio Municipal de La Florida,"[{'player_name': ' Sosa', 'player_number': '9'}, {'player_name': ' Riveros', 'player_number': '11'}, {'player_name': ' Ríos', 'player_number': '19'}, {'player_name': ' Sepúlveda', 'player_number': '8'}, {'player_name': ' Collao', 'player_number': '18'}, {'player_name': ' Fernández', 'player_number': '7'}, {'player_name': ' Matus', 'player_number': '17'}, {'player_name': ' Pereira', 'player_number': '29'}, {'player_name': ' Monreal', 'player_number': '27'}, {'player_name': ' Rojas', 'player_number': '16'}, {'player_name': ' Ahumada', 'player_number': '12'}]","[{'player_name': ' Martínez', 'player_number': '23'}, {'player_name': ' Rodríguez', 'player_number': '15'}, {'player_name': ' Altamirano', 'player_number': '7'}, {'player_name': ' Montes', 'player_number': '8'}, {'player_name': ' Sepúlveda', 'player_number': '6'}, {'player_name': ' Martínez', 'player_number': '20'}, {'player_name': ' Baeza', 'player_number': '17'}, {'player_name': ' Ramírez', 'player_number': '5'}, {'player_name': ' Gazzolo', 'player_number': '4'}, {'player_name': ' Gutiérrez', 'player_number': '18'}, {'player_name': ' Castellón', 'player_number': '25'}]","['Sosa', 'Riveros', 'Ríos', 'Sepúlveda', 'Collao', 'Fernández', 'Matus', 'Pereira', 'Monreal', 'Rojas', 'Ahumada']","['9', '11', '19', '8', '18', '7', '17', '29', '27', '16', '12']","['Martínez', 'Rodríguez', 'Altamirano', 'Montes', 'Sepúlveda', 'Martínez', 'Baeza', 'Ramírez', 'Gazzolo', 'Gutiérrez', 'Castellón']","['23', '15', '7', '8', '6', '20', '17', '5', '4', '18', '25']"
30,Matchday 15,19/05/2023,False,False,False,Palestino,O'Higgins,0,1,0.41,0.59,10,16,2,7,0.47,0.53,0.52,0.06,0.42,574,Estadio Municipal de La Cisterna,"[{'player_name': ' Barticciotto', 'player_number': '14'}, {'player_name': ' Salas', 'player_number': '9'}, {'player_name': ' Dávila', 'player_number': '10'}, {'player_name': ' Chamorro', 'player_number': '22'}, {'player_name': ' Meza', 'player_number': '6'}, {'player_name': ' Cornejo', 'player_number': '8'}, {'player_name': ' Véjar', 'player_number': '19'}, {'player_name': ' Ceza', 'player_number': '4'}, {'player_name': ' Suárez', 'player_number': '13'}, {'player_name': ' Rojas', 'player_number': '3'}, {'player_name': ' Rigamonti', 'player_number': '1'}]","[{'player_name': ' Belmar', 'player_number': '19'}, {'player_name': ' Moreira', 'player_number': '14'}, {'player_name': ' Díaz', 'player_number': '30'}, {'player_name': ' Hernandez', 'player_number': '8'}, {'player_name': ' Marín', 'player_number': '10'}, {'player_name': ' Moya', 'player_number': '13'}, {'player_name': ' Hormazábal', 'player_number': '7'}, {'player_name': ' Torrealba', 'player_number': '23'}, {'player_name': ' Fuentes', 'player_number': '6'}, {'player_name': ' González', 'player_number': '17'}, {'player_name': ' González', 'player_number': '25'}]","['Barticciotto', 'Salas', 'Dávila', 'Chamorro', 'Meza', 'Cornejo', 'Véjar', 'Ceza', 'Suárez', 'Rojas', 'Rigamonti']","['14', '9', '10', '22', '6', '8', '19', '4', '13', '3', '1']","['Belmar', 'Moreira', 'Díaz', 'Hernandez', 'Marín', 'Moya', 'Hormazábal', 'Torrealba', 'Fuentes', 'González', 'González']","['19', '14', '30', '8', '10', '13', '7', '23', '6', '17', '25']"
31,Matchday 15,19/05/2023,False,False,False,Colo Colo,Curicó Unido,0,1,0.62,0.38,13,16,2,6,0.45,0.55,0.88,0.03,0.09,7133,Estadio Monumental David Arellano,"[{'player_name': ' Pizarro', 'player_number': '9'}, {'player_name': ' Oroz', 'player_number': '20'}, {'player_name': ' Palacios', 'player_number': '7'}, {'player_name': ' Bouzat', 'player_number': '18'}, {'player_name': ' Pavez', 'player_number': '8'}, {'player_name': ' Fuentes', 'player_number': '6'}, {'player_name': ' Gutiérrez', 'player_number': '13'}, {'player_name': ' Gutiérrez', 'player_number': '3'}, {'player_name': ' Saldivia', 'player_number': '4'}, {'player_name': ' Falcón', 'player_number': '37'}, {'player_name': ' De Paul', 'player_number': '30'}]","[{'player_name': ' Barrios', 'player_number': '31'}, {'player_name': ' Figueroa', 'player_number': '9'}, {'player_name': ' Zavala', 'player_number': '15'}, {'player_name': ' Ortiz', 'player_number': '18'}, {'player_name': ' Nadruz', 'player_number': '5'}, {'player_name': ' Flores', 'player_number': '11'}, {'player_name': ' De La Fuente', 'player_number': '19'}, {'player_name': ' Cahais', 'player_number': '3'}, {'player_name': ' Merlo', 'player_number': '2'}, {'player_name': ' Barrios', 'player_number': '24'}, {'player_name': ' Cerda', 'player_number': '12'}]","['Pizarro', 'Oroz', 'Palacios', 'Bouzat', 'Pavez', 'Fuentes', 'Gutiérrez', 'Gutiérrez', 'Saldivia', 'Falcón', 'De Paul']","['9', '20', '7', '18', '8', '6', '13', '3', '4', '37', '30']","['Barrios', 'Figueroa', 'Zavala', 'Ortiz', 'Nadruz', 'Flores', 'De La Fuente', 'Cahais', 'Merlo', 'Barrios', 'Cerda']","['31', '9', '15', '18', '5', '11', '19', '3', '2', '24', '12']"
